{
    "0": {
        "client_status": {
            "type": "Event",
            "timestamp": "1665030790",
            "client_version": "98.1.0.1077",
            "status": "Disabled",
            "npa_status": "Disabled",
            "device_classification_status": "unknown",
            "host_info": {
                "hostname": "DESKTOP-IMBHRJE",
                "os": "Windows",
                "os_version": "10.0 (2009)",
                "device_make": "Dell Inc.",
                "device_model": "Latitude 7430",
                "nsdeviceuid": "65429AB0-AE67-6ACD-B685-3AD6103B34D0",
                "managementID": "025267FA52CD2643BB81098BD0858146"
            },
            "event": "Installed",
            "actor": "System"
        }
    }
}
