{"certPinnedAppList":[{"action":1,"appName":"[Microsoft Office 365 Outlook.com]","app_domains":["*"],"mode":"direct","processName":"skypebrowserhost.exe","rowID":"custom_2724","tunnel_domains":[]},{"action":1,"appName":"[Microsoft Office 365 Outlook.com]","app_domains":["*"],"mode":"direct","processName":"skype.exe","rowID":"custom_2724","tunnel_domains":[]},{"action":1,"appName":"[Microsoft Office 365 Outlook.com]","app_domains":["*"],"mode":"direct","processName":"skypehost.exe","rowID":"custom_2724","tunnel_domains":[]},{"action":1,"appName":"[Microsoft Office 365 Outlook.com]","app_domains":["*"],"mode":"direct","processName":"skypeapp.exe","rowID":"custom_2724","tunnel_domains":[]},{"action":1,"appName":"[Microsoft Office 365 Outlook.com]","app_domains":["*"],"mode":"direct","processName":"skypesetup.exe","rowID":"custom_2724","tunnel_domains":[]},{"action":1,"appName":"[Microsoft Office 365 Outlook.com]","app_domains":["*"],"mode":"direct","processName":"githubdesktop.exe","rowID":"custom_2724","tunnel_domains":[]},{"action":1,"appName":"Dropbox","app_domains":["dropbox.com","dropboxusercontent.com","cfl.dropboxstatic.com","content.dropboxapi.com"],"mode":"direct","processName":"dropbox.exe","rowID":"730","tunnel_domains":[]},{"action":1,"appName":"Dropbox","app_domains":["dropbox.com","dropboxusercontent.com","cfl.dropboxstatic.com","content.dropboxapi.com"],"mode":"direct","processName":"DropboxInstaller.exe","rowID":"730","tunnel_domains":[]},{"action":1,"appName":"Dropbox","app_domains":["dropbox.com","dropboxusercontent.com","cfl.dropboxstatic.com","content.dropboxapi.com"],"mode":"direct","processName":"dropboxupdate.exe","rowID":"730","tunnel_domains":[]},{"action":1,"appName":"Dropbox","app_domains":["dropbox.com","dropboxusercontent.com","cfl.dropboxstatic.com","content.dropboxapi.com"],"mode":"direct","processName":"dropboxuniversal.exe","rowID":"730","tunnel_domains":[]},{"action":1,"appName":"GitHub","app_domains":["gist.githubusercontent.com","github.com","githubusercontent.com"],"mode":"direct","processName":"GitHub.exe","rowID":"1006","tunnel_domains":[]},{"action":1,"appName":"GitHub","app_domains":["gist.githubusercontent.com","github.com","githubusercontent.com"],"mode":"direct","processName":"git.exe","rowID":"1006","tunnel_domains":[]},{"action":1,"appName":"GitHub","app_domains":["gist.githubusercontent.com","github.com","githubusercontent.com"],"mode":"direct","processName":"node.exe","rowID":"1006","tunnel_domains":[]},{"action":1,"appName":"GitHub","app_domains":["gist.githubusercontent.com","github.com","githubusercontent.com"],"mode":"direct","processName":"git-remote-https.exe","rowID":"1006","tunnel_domains":[]},{"action":1,"appName":"GitHub","app_domains":["gist.githubusercontent.com","github.com","githubusercontent.com"],"mode":"direct","processName":"git-credential-manager.exe","rowID":"1006","tunnel_domains":[]},{"action":1,"appName":"GitHub","app_domains":["gist.githubusercontent.com","github.com","githubusercontent.com"],"mode":"direct","processName":"git-bash.exe","rowID":"1006","tunnel_domains":[]},{"action":1,"appName":"GitHub","app_domains":["gist.githubusercontent.com","github.com","githubusercontent.com"],"mode":"direct","processName":"git-fetch.exe","rowID":"1006","tunnel_domains":[]},{"action":1,"appName":"GitHub","app_domains":["gist.githubusercontent.com","github.com","githubusercontent.com"],"mode":"direct","processName":"git-http-fetch.exe","rowID":"1006","tunnel_domains":[]},{"action":1,"appName":"GitHub","app_domains":["gist.githubusercontent.com","github.com","githubusercontent.com"],"mode":"direct","processName":"git-http-push.exe","rowID":"1006","tunnel_domains":[]},{"action":1,"appName":"GitHub","app_domains":["gist.githubusercontent.com","github.com","githubusercontent.com"],"mode":"direct","processName":"git-pull.exe","rowID":"1006","tunnel_domains":[]},{"action":1,"appName":"GitHub","app_domains":["gist.githubusercontent.com","github.com","githubusercontent.com"],"mode":"direct","processName":"git-push.exe","rowID":"1006","tunnel_domains":[]},{"action":1,"appName":"GitHub","app_domains":["gist.githubusercontent.com","github.com","githubusercontent.com"],"mode":"direct","processName":"git-send-pack.exe","rowID":"1006","tunnel_domains":[]},{"action":1,"appName":"GitHub","app_domains":["gist.githubusercontent.com","github.com","githubusercontent.com"],"mode":"direct","processName":"githubdesktop.exe","rowID":"1006","tunnel_domains":[]},{"action":1,"appName":"Bitcasa","app_domains":["bitcasa.com"],"mode":"direct","processName":"Bitcasa.exe","rowID":"315","tunnel_domains":[]},{"action":1,"appName":"Egnyte","app_domains":["egnyte.com"],"mode":"direct","processName":"egnyte_local_cloud_client.exe","rowID":"786","tunnel_domains":[]},{"action":1,"appName":"Egnyte","app_domains":["egnyte.com"],"mode":"direct","processName":"egnyte_map_drive_systray.exe","rowID":"786","tunnel_domains":[]},{"action":1,"appName":"Egnyte","app_domains":["egnyte.com"],"mode":"direct","processName":"egnytelocalcloudsynchronizer.exe","rowID":"786","tunnel_domains":[]},{"action":1,"appName":"Backblaze","app_domains":["backblaze.com"],"mode":"direct","processName":"bzserv.exe","rowID":"259","tunnel_domains":[]},{"action":1,"appName":"SugarSync","app_domains":["sharpcast.com","sugarsync.com"],"mode":"direct","processName":"SugarSync.exe","rowID":"2253","tunnel_domains":[]},{"action":1,"appName":"Amazon CloudDrive","app_domains":["cdws.us-west-2.amazonaws.com","cdws.us-east-1.amazonaws.com","drive.amazon.com","drive.amazonaws.com"],"mode":"direct","processName":"AmazonCloudDrive.exe","rowID":"151","tunnel_domains":[]},{"action":1,"appName":"Amazon CloudDrive","app_domains":["cdws.us-west-2.amazonaws.com","cdws.us-east-1.amazonaws.com","drive.amazon.com","drive.amazonaws.com"],"mode":"direct","processName":"AmazonCloudDriveW.exe","rowID":"151","tunnel_domains":[]},{"action":1,"appName":"ElephantDrive","app_domains":["vault.elephantdrive.com","elephantdrive.com","home.elephantdrive.com"],"mode":"direct","processName":"ElephantDrive.exe","rowID":"792","tunnel_domains":[]},{"action":1,"appName":"Carbonite","app_domains":["carbonite.com","device-services.carbonite.com","account.carbonite.com"],"mode":"direct","processName":"CarboniteUI.exe","rowID":"422","tunnel_domains":[]},{"action":1,"appName":"JungleDisk","app_domains":["myjungledisk.com","s3us-webdav.jungledisk.com","jungledisk.com"],"mode":"direct","processName":"JungleDiskWorkgroup.exe","rowID":"1291","tunnel_domains":[]},{"action":1,"appName":"JungleDisk","app_domains":["myjungledisk.com","s3us-webdav.jungledisk.com","jungledisk.com"],"mode":"direct","processName":"Junglediskmonitor.exe","rowID":"1291","tunnel_domains":[]},{"action":1,"appName":"Twitter","app_domains":["twitter.com","pbs.twimg.com"],"mode":"direct","processName":"Twitter-Win8.exe","rowID":"2420","tunnel_domains":[]},{"action":1,"appName":"SpiderOak","app_domains":["spideroak.com"],"mode":"direct","processName":"SpiderOakONE.exe","rowID":"2218","tunnel_domains":[]},{"action":1,"appName":"OpenDrive","app_domains":["opendrive.com","od.lk"],"mode":"direct","processName":"OpenDrive_Tray.exe","rowID":"1711","tunnel_domains":[]},{"action":1,"appName":"Facebook","app_domains":["lookaside.fbsbx.com","facebook.com","attachment.fbsbx.com","cdn.fbsbx.com","static.xx.fbcdn.net"],"mode":"direct","processName":"Facebook.exe","rowID":"2677","tunnel_domains":[]},{"action":1,"appName":"Microsoft Office 365 Outlook.com","app_domains":["outlook.office365.de","outlookgroups.ms","attachment.outlook.office365-net.de","attachment.outlook.office.us","outlook.de","outlook.office365-net.us","groupsapi-prod.outlookgroups.ms","outlook.com","outlook.office.com","outlook.us","outlook.office.us","groupsapi3-prod.outlookgroups.ms","groupsapi4-prod.outlookgroups.ms","office365.com","attachments.office365.net","outlook.office365.us","attachment.outlook.office.de","attachments.office.net","outlook.office365.com","office365.de","outlook.office.de","groupsapi2-prod.outlookgroups.ms"],"mode":"direct","processName":"outlook.exe","rowID":"2724","tunnel_domains":[]},{"action":1,"appName":"Microsoft Office 365 Outlook.com","app_domains":["outlook.office365.de","outlookgroups.ms","attachment.outlook.office365-net.de","attachment.outlook.office.us","outlook.de","outlook.office365-net.us","groupsapi-prod.outlookgroups.ms","outlook.com","outlook.office.com","outlook.us","outlook.office.us","groupsapi3-prod.outlookgroups.ms","groupsapi4-prod.outlookgroups.ms","office365.com","attachments.office365.net","outlook.office365.us","attachment.outlook.office.de","attachments.office.net","outlook.office365.com","office365.de","outlook.office.de","groupsapi2-prod.outlookgroups.ms"],"mode":"direct","processName":"wbxcoiex.exe","rowID":"2724","tunnel_domains":[]},{"action":1,"appName":"Microsoft Office 365 Outlook.com","app_domains":["outlook.office365.de","outlookgroups.ms","attachment.outlook.office365-net.de","attachment.outlook.office.us","outlook.de","outlook.office365-net.us","groupsapi-prod.outlookgroups.ms","outlook.com","outlook.office.com","outlook.us","outlook.office.us","groupsapi3-prod.outlookgroups.ms","groupsapi4-prod.outlookgroups.ms","office365.com","attachments.office365.net","outlook.office365.us","attachment.outlook.office.de","attachments.office.net","outlook.office365.com","office365.de","outlook.office.de","groupsapi2-prod.outlookgroups.ms"],"mode":"direct","processName":"searchprotocolhost.exe","rowID":"2724","tunnel_domains":[]},{"action":1,"appName":"Microsoft Office 365 Lync Online","app_domains":["online.lync.com","online.lync.de","online.lync.us","infra.lync.com","infra.lync.us","infra.lync.de"],"mode":"direct","processName":"lync.exe","rowID":"3477","tunnel_domains":[]},{"action":1,"appName":"Microsoft Office 365 Lync Online","app_domains":["online.lync.com","online.lync.de","online.lync.us","infra.lync.com","infra.lync.us","infra.lync.de"],"mode":"direct","processName":"lynchtmlconv.exe","rowID":"3477","tunnel_domains":[]},{"action":1,"appName":"Microsoft Office 365 Lync Online","app_domains":["online.lync.com","online.lync.de","online.lync.us","infra.lync.com","infra.lync.us","infra.lync.de"],"mode":"direct","processName":"communicator.exe","rowID":"3477","tunnel_domains":[]},{"action":1,"appName":"Microsoft Office 365 Lync Online","app_domains":["online.lync.com","online.lync.de","online.lync.us","infra.lync.com","infra.lync.us","infra.lync.de"],"mode":"direct","processName":"UcMapi.exe","rowID":"3477","tunnel_domains":[]},{"action":1,"appName":"Microsoft Office 365 Lync Online","app_domains":["online.lync.com","online.lync.de","online.lync.us","infra.lync.com","infra.lync.us","infra.lync.de"],"mode":"direct","processName":"OcPubMgr.exe","rowID":"3477","tunnel_domains":[]},{"action":1,"appName":"Filemail","app_domains":["filemail.com"],"mode":"direct","processName":"FilemailDesktop.exe","rowID":"2652","tunnel_domains":[]},{"action":1,"appName":"Druva","app_domains":["druva.com"],"mode":"direct","processName":"inSync.exe","rowID":"735","tunnel_domains":[]},{"action":1,"appName":"Druva","app_domains":["druva.com"],"mode":"direct","processName":"inSyncGUI.exe","rowID":"735","tunnel_domains":[]},{"action":1,"appName":"Druva","app_domains":["druva.com"],"mode":"direct","processName":" avp.exe","rowID":"735","tunnel_domains":[]},{"action":1,"appName":"Druva","app_domains":["druva.com"],"mode":"direct","processName":"insyncagent.exe","rowID":"735","tunnel_domains":[]},{"action":1,"appName":"Druva","app_domains":["druva.com"],"mode":"direct","processName":"insyncusyncer.exe","rowID":"735","tunnel_domains":[]},{"action":1,"appName":"Druva","app_domains":["druva.com"],"mode":"direct","processName":"inSyncCPHwnet64.exe","rowID":"735","tunnel_domains":[]},{"action":1,"appName":"Druva","app_domains":["druva.com"],"mode":"direct","processName":"insyncupgrade.exe","rowID":"735","tunnel_domains":[]},{"action":1,"appName":"DocuSign","app_domains":["docusign.net","docusign.com","docusign.in"],"mode":"direct","processName":"DocuSign.exe","rowID":"716","tunnel_domains":[]},{"action":1,"appName":"Foursquare","app_domains":["foursquare.com"],"mode":"direct","processName":"FourSquare.exe","rowID":"2679","tunnel_domains":[]},{"action":1,"appName":"GoToMeeting (Citrix)","app_domains":["gotomeeting.com"],"mode":"direct","processName":"GoToMeeting.exe","rowID":"2696","tunnel_domains":[]},{"action":1,"appName":"GoToMeeting (Citrix)","app_domains":["gotomeeting.com"],"mode":"direct","processName":"g2mvideoconference.exe","rowID":"2696","tunnel_domains":[]},{"action":1,"appName":"GoToMeeting (Citrix)","app_domains":["gotomeeting.com"],"mode":"direct","processName":"g2mcomm.exe","rowID":"2696","tunnel_domains":[]},{"action":1,"appName":"GoToMeeting (Citrix)","app_domains":["gotomeeting.com"],"mode":"direct","processName":"goto opener.exe","rowID":"2696","tunnel_domains":[]},{"action":1,"appName":"TeamViewer","app_domains":["teamviewer.com"],"mode":"direct","processName":"TeamViewer.exe","rowID":"3478","tunnel_domains":[]},{"action":1,"appName":"TeamViewer","app_domains":["teamviewer.com"],"mode":"direct","processName":"TeamViewer_Service.exe","rowID":"3478","tunnel_domains":[]},{"action":1,"appName":"Swizznet","app_domains":["swizznet.com"],"mode":"direct","processName":"wfica32.exe","rowID":"2278","tunnel_domains":[]},{"action":1,"appName":"Google App Suite","app_domains":["accounts.google.com","googleapis.com","admin.google.com","gsuite.google.com","m.google.com"],"mode":"direct","processName":"GAM.exe","rowID":"2741","tunnel_domains":[]},{"action":1,"appName":"Planview Projectplace","app_domains":["projectplace.com"],"mode":"direct","processName":"projectplace.exe","rowID":"1899","tunnel_domains":[]},{"action":1,"appName":"Citrix GoToAssist","app_domains":["gotoassist.com"],"mode":"direct","processName":"g2ax_comm_expert.exe","rowID":"5675","tunnel_domains":[]},{"action":1,"appName":"Citrix GoToAssist","app_domains":["gotoassist.com"],"mode":"direct","processName":"g2ax_session_expert.exe","rowID":"5675","tunnel_domains":[]},{"action":1,"appName":"Citrix GoToAssist","app_domains":["gotoassist.com"],"mode":"direct","processName":"g2ax_start.exe","rowID":"5675","tunnel_domains":[]},{"action":1,"appName":"Citrix GoToAssist","app_domains":["gotoassist.com"],"mode":"direct","processName":"g2ax_user_expert.exe","rowID":"5675","tunnel_domains":[]},{"action":1,"appName":"LivePerson","app_domains":["liveperson.com","liveperson.net"],"mode":"direct","processName":"LivePerson.exe","rowID":"1401","tunnel_domains":[]},{"action":1,"appName":"Diligent Boardbooks","app_domains":["diligent.com","boardbooks.com"],"mode":"direct","processName":"Diligent.Dragonfly.exe","rowID":"685","tunnel_domains":[]},{"action":1,"appName":"Diligent Boardbooks","app_domains":["diligent.com","boardbooks.com"],"mode":"direct","processName":"diligent.boardbooks.clients.smartclient.oneclick.exe","rowID":"685","tunnel_domains":[]},{"action":1,"appName":"Diligent Boardbooks","app_domains":["diligent.com","boardbooks.com"],"mode":"direct","processName":"diligent.dragonfly.universal.exe","rowID":"685","tunnel_domains":[]},{"action":1,"appName":"tresorit","app_domains":["tresorit.com"],"mode":"direct","processName":"tresorit.exe","rowID":"7243","tunnel_domains":[]},{"action":1,"appName":"Google Drive","app_domains":["drive.google.com","googleusercontent.com","docs.google.com","clients4.google.com","googleapis.l.google.com","clients6.google.com","clients10.google.com","clients2.google.com","takeout.google.com","fcmconnection.googleapis.com","www.googleapis.com","clients7.google.com","clients9.google.com","client-channel.google.com","clients8.google.com","accounts.google.com","play.googleapis.com","clients3.google.com","googledrive.com","clients1.google.com","clients5.google.com"],"mode":"direct","processName":"googledrivefs.exe","rowID":"1029","tunnel_domains":[]},{"action":1,"appName":"iCloud","app_domains":["buy.itunes.apple.com","icloud.com","idmsa.apple.com","cvws.icloud-content.com"],"mode":"direct","processName":"icloudservices.exe","rowID":"1135","tunnel_domains":[]},{"action":1,"appName":"iCloud","app_domains":["buy.itunes.apple.com","icloud.com","idmsa.apple.com","cvws.icloud-content.com"],"mode":"direct","processName":"applephotostreams.exe","rowID":"1135","tunnel_domains":[]},{"action":1,"appName":"iCloud","app_domains":["buy.itunes.apple.com","icloud.com","idmsa.apple.com","cvws.icloud-content.com"],"mode":"direct","processName":"icloud.exe","rowID":"1135","tunnel_domains":[]},{"action":1,"appName":"iCloud","app_domains":["buy.itunes.apple.com","icloud.com","idmsa.apple.com","cvws.icloud-content.com"],"mode":"direct","processName":"applephotostreams.exe","rowID":"1135","tunnel_domains":[]},{"action":1,"appName":"iCloud","app_domains":["buy.itunes.apple.com","icloud.com","idmsa.apple.com","cvws.icloud-content.com"],"mode":"direct","processName":"iclouddrive.exe","rowID":"1135","tunnel_domains":[]},{"action":1,"appName":"Toggl","app_domains":["toggl.com","download.toggl.com"],"mode":"direct","processName":"toggldesktop.exe","rowID":"2377","tunnel_domains":[]},{"action":1,"appName":"Adobe Creative Cloud","app_domains":["adobecc.com","creative.adobe.com","assets.adobe.com","adobe.io","adobesc.com"],"mode":"direct","processName":"InDesign.exe","rowID":"4998","tunnel_domains":[]},{"action":1,"appName":"Google Hangouts","app_domains":["7.talkgadget.google.com","5.talkgadget.google.com","1.talkgadget.google.com","4.talkgadget.google.com","6.talkgadget.google.com","talkgadget.google.com","2.talkgadget.google.com","0.talkgadget.google.com","hangouts.google.com","3.talkgadget.google.com"],"mode":"direct","processName":"Chat.exe","rowID":"5031","tunnel_domains":[]},{"action":1,"appName":"Skype","app_domains":["login.skype.com"],"mode":"direct","processName":"skypeapp.exe","rowID":"9349","tunnel_domains":[]},{"action":1,"appName":"Google Drive Backup and Sync","app_domains":["google-analytics.com","googleusercontent.com","gvt1.com","googleapis.com","gstatic.com","google.com","ytimg.com","googledrive.com"],"mode":"direct","processName":"googledrivesync.exe","rowID":"42271","tunnel_domains":[]},{"action":1,"appName":"Amazon Kindle","app_domains":["kindle.amazon.com"],"mode":"direct","processName":"kindle.exe","rowID":"45556","tunnel_domains":[]},{"action":1,"appName":"CrowdStrike","app_domains":["crowdstrike.com","falcon.crowdstrike.com"],"mode":"direct","processName":"CSFalconService.exe","rowID":"29235","tunnel_domains":[]},{"action":1,"appName":"CrowdStrike","app_domains":["crowdstrike.com","falcon.crowdstrike.com"],"mode":"direct","processName":"com.crowdstrike.falcon.agent","rowID":"29235","tunnel_domains":[]},{"action":1,"appName":"CrowdStrike","app_domains":["crowdstrike.com","falcon.crowdstrike.com"],"mode":"direct","processName":"system","rowID":"29235","tunnel_domains":[]},{"action":1,"appName":"[Etrade Pro]","app_domains":["*"],"mode":"direct","processName":"etproupdater.exe","rowID":"custom_2736","tunnel_domains":[]},{"action":1,"appName":"[Etrade Pro]","app_domains":["*"],"mode":"direct","processName":"e-trade pro.exe","rowID":"custom_2736","tunnel_domains":[]},{"action":1,"appName":"[Python]","app_domains":["*"],"mode":"direct","processName":"python.exe","rowID":"custom_2728","tunnel_domains":[]},{"action":1,"appName":"[ETrade Pro 2]","app_domains":["lightstreamer.etrade.com","etpamq.etrade.com","img.etrade.com","us.etrade.com","l2lsb24.etrade.com","etpro.etrade.com","l2ls.etrade.com","lsb7.etrade.com"],"mode":"tunnel","processName":"java.exe","rowID":"custom_2739","tunnel_domains":["img.etrade.com","l2lsb24.etrade.com","lsb7.etrade.com","lightstreamer.etrade.com","us.etrade.com","etpamq.etrade.com","etpro.etrade.com","l2ls.etrade.com"]},{"action":1,"appName":"[Google Cloud]","app_domains":["raw.githubusercontent.com","gam-shortn.appspot.com","iap.googleapis.com","calendar-json.googleapis.com","cloudresourcemanager.googleapis.com","www.googleapis.com","apikeys.clients6.google.com","api.github.com","iam.googleapis.com","addons-pa.clients6.google.com","licensing.googleapis.com","serviceusage.googleapis.com","admin.googleapis.com","safebrowsing.googleapis.com","oauth2.googleapis.com","fonts.googleapis.com"],"mode":"direct","processName":"gam.exe","rowID":"custom_2767","tunnel_domains":[]},{"action":1,"appName":"Keybase","app_domains":["keybase.io"],"mode":"direct","processName":"keybase","rowID":"58015","tunnel_domains":[]},{"action":1,"appName":"Keybase","app_domains":["keybase.io"],"mode":"direct","processName":"kbfs","rowID":"58015","tunnel_domains":[]},{"action":1,"appName":"Zoom","app_domains":["zoom.us","googleapis.com","zoom.com","people.googleapis.com"],"mode":"direct","processName":"zoom.exe","rowID":"5626","tunnel_domains":[]},{"action":1,"appName":"[pycharm]","app_domains":["plugins.jetbrains.com"],"mode":"direct","processName":"pycharm64.exe","rowID":"custom_2787","tunnel_domains":[]},{"action":1,"appName":"Cisco Spark Message and Meet","app_domains":["identity-eu.webex.com","reachable.webex.com","tsa2.webex.com","teams.webex.com","idbroker-b-us.webex.com","idbroker.webex.com","idbroker-static.webex.com","api.segment.io","ciscospark.com","identity-b-us.webex.com","wbx2.com","infra.webex.com","idbroker-eu.webex.com","webexcontent.com","akamaicdn.webex.com","identity.webex.com"],"mode":"direct","processName":"webexhost.exe","rowID":"25088","tunnel_domains":[]},{"action":1,"appName":"Cisco Spark Message and Meet","app_domains":["identity-eu.webex.com","reachable.webex.com","tsa2.webex.com","teams.webex.com","idbroker-b-us.webex.com","idbroker.webex.com","idbroker-static.webex.com","api.segment.io","ciscospark.com","identity-b-us.webex.com","wbx2.com","infra.webex.com","idbroker-eu.webex.com","webexcontent.com","akamaicdn.webex.com","identity.webex.com"],"mode":"direct","processName":"atmgr.exe","rowID":"25088","tunnel_domains":[]},{"action":1,"appName":"[SE Tools Putty]","app_domains":["td-stage.netskope.io","setools.netskope.io"],"isRegex":"false","mode":"direct","processName":"putty.exe","rowID":"custom_2835","tunnel_domains":[]},{"action":1,"appName":"[Data-Loader]","app_domains":["login.salesforce.com","login.okta.com","netskope.my.salesforce.com"],"isRegex":"false","mode":"tunnel","processName":"dataloader.bat","rowID":"custom_2871","tunnel_domains":["login.salesforce.com","login.okta.com","netskope.my.salesforce.com"]},{"action":1,"appName":"[Data-Loader]","app_domains":["login.salesforce.com","login.okta.com","netskope.my.salesforce.com"],"isRegex":"false","mode":"tunnel","processName":"Zulu","rowID":"custom_2871","tunnel_domains":["login.salesforce.com","login.okta.com","netskope.my.salesforce.com"]},{"action":1,"appName":"[Data-Loader]","app_domains":["login.salesforce.com","login.okta.com","netskope.my.salesforce.com"],"isRegex":"false","mode":"tunnel","processName":" Data Loader","rowID":"custom_2871","tunnel_domains":["login.salesforce.com","login.okta.com","netskope.my.salesforce.com"]},{"action":1,"appName":"[Data-Loader]","app_domains":["login.salesforce.com","login.okta.com","netskope.my.salesforce.com"],"isRegex":"false","mode":"tunnel","processName":"OpenJDK","rowID":"custom_2871","tunnel_domains":["login.salesforce.com","login.okta.com","netskope.my.salesforce.com"]},{"action":1,"appName":"[Data-Loader]","app_domains":["login.salesforce.com","login.okta.com","netskope.my.salesforce.com"],"isRegex":"false","mode":"tunnel","processName":"java.exe","rowID":"custom_2871","tunnel_domains":["login.salesforce.com","login.okta.com","netskope.my.salesforce.com"]},{"action":1,"appName":"[Data-Loader]","app_domains":["login.salesforce.com","login.okta.com","netskope.my.salesforce.com"],"isRegex":"false","mode":"tunnel","processName":"javaw.exe","rowID":"custom_2871","tunnel_domains":["login.salesforce.com","login.okta.com","netskope.my.salesforce.com"]}],"status":"success","steering_config_name":"All Users"}