{
    "clientConfig": {
        "priority": "5",
        "configurationName": "Netskope_Client-Allow-Allow",
        "allowClientDisabling": "true",
        "allowNpaDisabling": "false",
        "npa_client_allow_disable": "false",
        "clientAssistedGTM": "true",
        "steering_config_2": "true",
        "userNotification": "true",
        "hideClientIcon": "false",
        "clientHandleOverlappingDomains": "false",
        "reportClientStatus": "false",
        "sendDeviceInfo": "true",
        "dynamicSteering": "true",
        "deviceUniqueID": "true",
        "checkCiscoVpn": "false",
        "configUpdate": {
            "updateIntervalInMin": "60"
        },
        "clientUpdate": {
            "updateIntervalInMin": "240",
            "allowAutoUpdate": "true",
            "showUpdateNotification": "true",
            "allowAutoGoldenUpdate": "false",
            "goldenReleaseVersion": "",
            "goldenDotReleaseUpdate": "false"
        },
        "clientUninstall": {
            "allowUninstall": "true",
            "hash": "",
            "salt": ""
        },
        "clientStatusUpdate": {
            "heartbeatIntervalInMin": "30"
        },
        "protocol": "dtls",
        "bypassPacDownloadFlow": "false",
        "localTrafficBypass": "true",
        "secureAccess": "true",
        "checkSNI": "false",
        "enableClientSelfProtection": "false",
        "enableAOACSupport": "false",
        "nsclient_api_security_no_enc": "false",
        "metrics": {
            "enable": "false",
            "interval": "360",
            "backoff_interval": "720",
            "ping": "3",
            "traceroute": "1",
            "dns": "1",
            "hosts": ""
        },
        "externalProxyConfig": "true",
        "debugSettings": "true",
        "reconfigureUser": "true",
        "proxyAuth": "false",
        "bypassLoopbackDNS": "true",
        "enhancedCertPinnedApplist": "true",
        "injectAtTransportLayer": "false",
        "encryptClientConfig": "false",
        "bypassPrivateTrafficAtDriver": "true",
        "supportUDPExceptions": "false",
        "handleExceptionsAtDriver": "false",
        "postureValidation": {
            "periodic_validation_enabled": "false",
            "validation": {
                "interval": "2147483647"
            }
        },
        "mtu": "1250",
        "MDMSecureEnrollmentTokenEnabled": "false",
        "userkey":"<concealed>",
        "enableUpdatePropertyFrameSupport": "false",
        "enableTunnelSessionNotFound": "false",
        "OverrideAccessMethodDetection": "false"
    },
    "logLevel": "info",
    "log": {
        "logLevel": "4",
        "enablePktDump": "false"
    },
    "nsgw": {
        "host": "gateway-netskopecorp.goskope.com",
        "backupHost": "gateway-backup-netskopecorp.goskope.com",
        "port": "443"
    },
    "gslb": {
        "host": "gateway.gslb.goskope.com",
        "port": "443"
    },
    "sfCheck": {
        "SFCheckerHost": "sfchecker.goskope.com",
        "SFCheckerIP": "8.8.8.8",
        "SFCheckerIP6": "2001:4860:4860:8888"
    },
    "cache": {
        "device_token": "",
        "device_token_lastsend": "0",
        "dns": {
            "resolvedIP": "163.116.199.35",
            "ttl": "30",
            "lastResolvedTime": "1668621615",
            "stats": {
                "failureCount": "0",
                "successCount": "0",
                "lastReportedTime": "1668661291"
            }
        },
        "configUpdateTimestamp": "1669626256",
        "newClientVer": "",
        "lastClientUpdated": "false"
    },
    "onpremcheck": {
        "onprem_use_dns": "false",
        "onprem_host": "",
        "onprem_ip": "",
        "onprem_http_host": "",
        "onprem_http_tcp_connection_timeout": "10"
    },
    "failClose": {
        "fail_close": "false",
        "exclude_npa": "false",
        "notification": "false",
        "captive_portal_timeout": "0"
    },
    "privateApps": {
        "reauth_enabled": "false",
        "reauthentication_on_logon": "false",
        "device_admin": {
            "prelogin_username": "",
            "auto_start_prelogin_tunnel": "true"
        },
        "seamless_policy_update": "true"
    },
    "npa": {
        "host": "gateway.npa.goskope.com",
        "port": "443",
        "keepalive_timeout": "15",
        "tenant": "ns-2132.us-sv5.npa.goskope.com",
        "domain": "us-sv5.npa.goskope.com",
        "cache": {
            "dns": {
                "resolvedIP": "163.116.199.19",
                "ttl": "30",
                "lastResolvedTime": "1669660918",
                "stats": {
                    "failureCount": "0",
                    "successCount": "0",
                    "lastReportedTime": "1669660919"
                }
            }
        },
        "rfc1918_enabled": "false",
        "dtls_enabled": "false",
        "port_bypass_enabled": "false"
    },
    "idpconfig": {
        "allowIdPLogout": "false"
    },
    "prc_dp_tenant": "false",
    "npa_srpv2": "false",
    "npa_client_compose_device_user_id": "false",
    "npa_client_l4": "false",
    "epdlp": {
        "enabled": "true",
        "epdlp_mp": "US-SV5"
    },
    "npa_client_use_cgnat": "false"
}
