{"custom_dns_settings":[],"domain_ports":{},"domains":["saml-netskopecorp.goskope.com","achecker.goskope.com","aproxy-netskopecorp.goskope.com","achecker-netskopecorp.goskope.com","aproxy.goskope.com"],"dynamic_steering":0,"firewall_traffic_mode":"all","offprem_steering_method":0,"onprem_steering_method":1,"private_apps_enabled":1,"private_apps_enabled_specific":0,"private_apps_off_prem":1,"private_apps_off_prem_specific":0,"private_apps_on_prem":1,"private_apps_on_prem_specific":0,"private_apps_other_steering_method":0,"status":"success","steer_dns":0,"steering_config_name":"All Users","traffic_mode":"web"}