{
    "clientConfig": {
        "encryptClientConfig": "false",
        "dynamicSteering": "false",
        "nsclient_api_security_no_enc": "false",
        "secureAccess": "false"
    },
    "privateApps": {
        "reauth_enabled": "false",
        "reauthentication_on_logon": "false",
        "device_admin": {
            "prelogin_username": "",
            "auto_start_prelogin_tunnel": "true",
            "cert_ca": ""
        }
    },
    "npa": {
        "host": "",
        "port": "443",
        "keepalive_timeout": "5",
        "tenant": "",
        "domain": "",
        "cache": {
            "dns": {
                "resolvedIP": "",
                "ttl": "0",
                "lastResolvedTime": "0",
                "stats": {
                    "failureCount": "0",
                    "successCount": "0",
                    "lastReportedTime": "0"
                }
            }
        }
    },
    "npa_client_use_cgnat": "false"
}
